Workbook
Name _DataType: #REF!
Name a: #REF!
Name A1screen: #REF!
Name A2screen: #REF!
Name A3sceen: #REF!
Name A4sceen: #REF!
Name A5screen: #REF!
Name Access: [1]Validation!$E$2:$E$223
Name AccessCircuit: [1]Validation!$C$2:$C$29
Name ACTION: #REF!
Name ag: #REF!
Name agag: #REF!
Name agagag: #REF!
Name CoS: [1]Validation!$G$2:$G$47
Name Countries: [1]Validation!$A$2:$A$301
Name D1sceen: #REF!
Name Deployment: #REF!
Name DialogD1: #REF!
Name Document_array: {"Book1"}
Name DSLCheckService: [1]Validation!$H$2:$H$4
Name Excel_BuiltIn_Print_Area_1: #REF!
Name Excel_BuiltIn_Print_Titles_1: #REF!
Name fds: {"Book1"}
Name fgd: #REF!
Name kkkkk: #REF!
Name lo: #REF!
Name Ma_testcase_34: #REF!
Name MOSSFieldTypes: #REF!
Name NotesFieldTypes: #REF!
Name Port: [1]Validation!$F$2:$F$40
Name q: #REF!
Name QLDH_TDTT_41: #REF!
Name QLHD_CDHD_15: #REF!
Name QLHD_CNHD_34: #REF!
Name QLHD_GHD_34: #REF!
Name QLHD_HHD_13: #REF!
Name QLHD_KHD_6: #REF!
Name QLHD_TH_1: #REF!
Name QLHD_THD_34: #REF!
Name quangnx: #REF!
Name s: #REF!
Name sdf: #REF!
Name ss: #REF!
Name T1screen: #REF!
Name Tên_TestCase: #REF!
Name ttt: #REF!
Name VancoProducts: [1]Validation!$B$2:$B$4
Name View_全ての文書: #REF!
Name wrn.すべて印刷.: #REF!
Name wrn.ｿｰｽ1.: #REF!
Name xxxxxxxxx: #REF!

Sheet Cover
C1: BIỂU MẪU TESTCASE | G1: Code: | H1: BM.QT.04.04
G2: Version: | H2: 1
A4: Purpose & scope
A5: Mục đích: - Chuẩn hóa cách thiết kế, ghi nhận và quản lý Test Case trong quá trình kiểm thử phần mềm. - Đảm bảo các yêu cầu (functional & non-functional) được kiểm thử đầy đủ, nhất quán và có thể truy vết. - Là cơ sở để: + Thực hiện test (Manual/Automation). + Ghi nhận kết quả test, phát hiện lỗi. + Phục vụ nghiệm thu, đánh giá chất lượng sản phẩm. - Hỗ trợ việc bàn giao, tái sử dụng test case giữa các giai đoạn, phiên bản hoặc dự án. Phạm vi: - Tất cả các dự án phát triển thuộc Trung tâm Phát triển phần mềm.
A7: Table of contents
A8: No. | B8: Main Content | F8: Reference
A9: 1 | B9: Overview | F9: Overview
A10: 2 | B10: Test Result | F10: Test Result
A11: 3 | B11: Tên chức năng | F11: Tên chức năng
A12: 4 | B12: Tên API | F12: Tên API
A14: History of change
A15: Date release | B15: Version | C15: Description | E15: Place of change | G15: Author | H15: Reviewer
A16: <dd/mm/yyyy> | B16: <x.y> | C16: <Mô tả thay đổi> | E16: <Mô tả vị trí đã thay đổi> | G16: <Tên tác giả> | H16: <Tên người review>
A17: 45809 | B17: 1 | C17: Tạo mới | G17: HoaiNTT | H17: HangNTT
A21: Definition
A22: Terminology or Acronym | C22: Definition | G22: Note
A23: <Tên Thuật ngữ và từ viết tắt> | C23: <Giải thích> | G23: <Ghi chú đặc biệt khi sử dụng>
A27: Reference
A28: No. | B28: Document name | F28: Link
A29: <STT> | B29: <Tên tài liệu> | F29: <Đường Link đến tài liệu>
A30: 1
A31: 2
A32: 3

Sheet Overview
C1: OVERVIEW | G1: Code:
G2: Version: | H2: 1
A4: THÔNG TIN DỰ ÁN
A5: Tên dự án:
A6: Mã dự án:
A7: Phiên bản:
A8: Khách hàng:
A9: Khái quát về dự án:
A10: Công nghệ sử dụng:
A13: LỊCH SỬ THAY ĐỔI
A14: Ngày hiệu lực | B14: Phiên bản | C14: Mô tả | E14: Lý do thay đổi | G14: Người thực hiện
A15: <dd/mm/yyyy> | B15: <x.y> | C15: <Mô tả thay đổi> | E15: <Mô tả lý do thay đổi> | G15: <Người thay đổi>
A24: ĐỊNH NGHĨA CHUNG
A25: Trạng thái Test case | C25: Pass: Khi kết thực tế đúng với kết quả mong muốn
C26: Fail: Khi kết thực tế không đúng với kết quả mong muốn
C27: N/A: Không thực hiện test
A28: Mức độ nghiêm trọng | C28: Critical: Hệ thống không thể hoạt động hoặc chức năng chính bị tê liệt hoàn toàn. Không có giải pháp thay thế. Ảnh hưởng trực tiếp tới nghiệp vụ lõi hoặc gây gián đoạn vận hành.
C29: Major: Chức năng quan trọng hoạt động sai hoặc không đầy đủ. Có thể có giải pháp thay thế nhưng gây khó khăn lớn cho người dùng hoặc ảnh hưởng đáng kể đến nghiệp vụ.
C30: Normal: Lỗi ảnh hưởng một phần chức năng, không chặn luồng nghiệp vụ chính. Có giải pháp chấp nhận được.
C31: Minor: Lỗi nhỏ về hiển thị, thông báo, logic phụ. Không ảnh hưởng đến nghiệp vụ chính.
A32: Trạng thái lỗi | C32: Open: Khi lỗi vừa được phát hiện
C33: Re-Open: Khi tester test lại mà lỗi đó vẫn tồn tại
C34: Closed: Khi tester test lại và không phát sinh lỗi
C35: Unconfirm: Tester phát hiện hiện tượng bất thường, chưa đủ cơ sở khẳng định là lỗi. Cần trao đổi với Dev/BA để xác nhận
C36: Resolved: Lập trình fix lỗi và chuyển trạng thái lỗi "OPEN -> RESOLVED"

Sheet Test Result
A1: BÁO CÁO KẾT QUẢ TEST
A3: Tên dự án | C3: Tên dự án
A4: Mã dự án | C4: Mã dự án
A5: Môi trường kiểm tra | C5: Mobile - Web
A6: Version tổng hợp kết quả | C6: v x.x
A7: Tài liệu SRS/ URD | C7: Liệt kê tài liệu hoặc link để làm tài liệu testcase cho dự án
A8: Người thực hiện | C8: Tester
A9: Thời gian thực hiện | C9: dd/mm/yyyy - dd/mm/yyyy
A11: 1. KẾT QUẢ TEST
A12: STT | B12: Chức năng | C12: Số test case | D12: Test lần 1 | G12: Test lần 2 | J12: Ghi chú/ Lý do
D13: Pass | E13: Fail | F13: N/A | G13: Pass | H13: Fail | I13: N/A
A14: 1 | B14: Tên chức năng | C14: ='Tên chức năng'!G7 -> 17 | D14: ='Tên chức năng'!A7 -> 17 | E14: ='Tên chức năng'!B7 -> 0 | F14: ='Tên chức năng'!C7 -> 0 | G14: ='Tên chức năng'!D7 -> 0 | H14: ='Tên chức năng'!E7 -> 0 | I14: ='Tên chức năng'!F7 -> 0
A15: 2 | B15: Tên hàm | C15: ='Tên API'!G7 -> 2 | D15: ='Tên API'!A7 -> 1 | E15: ='Tên API'!B7 -> 1 | F15: ='Tên API'!C7 -> 0 | G15: ='Tên API'!D7 -> 0 | H15: ='Tên API'!E7 -> 0 | I15: ='Tên API'!F7 -> 0
A18: TỔNG | C18: =SUM(C14:C17) -> 19 | D18: =SUM(D14:D17) -> 18 | E18: =SUM(E14:E17) -> 1 | F18: =SUM(F14:F17) -> 0 | G18: =SUM(G14:G17) -> 0 | H18: =SUM(H14:H17) -> 0 | I18: =SUM(I14:I17) -> 0
A21: 2. Phân Loại Lỗi
A22: Trạng thái lỗi | C22: Phân loại lỗi theo severity
C23: Critical | D23: Major | E23: Normal | F23: Minor
A24: Mọi trạng thái (không tính lỗi Cancelled)

Sheet Tên chức năng
A1: Chức năng | B1: Tên chức năng
A2: Test requirement
A3: Tester | B3: Người thực hiện test
A4: Ngày thực hiện | B4: dd/mm/yyyy
A5: Test No 1 | D5: Test No 2 | H5: Status/Lần test | I5: Open | J5: Re-Open | K5: Closed | L5: Unconfirm | M5: Resolved
A6: Pass | B6: Fail | C6: N/A | D6: Pass | E6: Fail | F6: N/A | G6: Tổng số testcase | H6: 1 | I6: =COUNTIF(J$11:J$537,"Open") -> 0 | J6: =COUNTIF(J$11:J$537,"Re-Open") -> 0 | K6: =COUNTIF(J$11:J$537,"Closed") -> 0 | L6: =COUNTIF(J$11:J$537,"Unconfirm") -> 0 | M6: =COUNTIF(J$11:J$537,"Resolved") -> 0
A7: =COUNTIF(I$11:I$512,"Pass") -> 17 | B7: =COUNTIF(I$11:I$512,"Fail") -> 0 | C7: =COUNTIF(I$11:I$512,"N/A") -> 0 | D7: =COUNTIF(K$11:K$512,"Pass") -> 0 | E7: =COUNTIF(K$11:K$537,"Fail") -> 0 | F7: =COUNTIF(K$11:K$537,"N/A") -> 0 | G7: =COUNTA(D11:D308) -> 17 | H7: 2 | I7: =COUNTIF(K$11:K$537,"Open") -> 0 | J7: =COUNTIF(L$11:L$537,"Re-Open") -> 0 | K7: =COUNTIF(L$11:L$537,"Closed") -> 0 | L7: =COUNTIF(L$11:L$537,"Unconfirm") -> 0 | M7: =COUNTIF(L$11:L$537,"Resolved") -> 0
G8: =G7-A7-B7-C7 -> 0
A9: Mã TC | B9: Mục đích | C9: Các bước thực hiện | D9: Kết quả mong muốn | E9: Kiểm tra mã lỗi ( checklog) | F9: Chuyển hướng màn hình | G9: ID Bug | H9: Mức độ nghiêm trọng | I9: Kết quả lần 1 | K9: Kết quả lần 2 | M9: Ghi chú
I10: Kết quả | J10: Trạng thái | K10: Kết quả | L10: Trạng thái
A11: =IF(OR(B11<>"",D11<>""),"["&TEXT($B$1,"##")&"-"&TEXT(COUNTA($D$11:D11),"##")&"]","") -> [Tên chức năng-1] | B11: Kiểm tra điều hướng | C11: Click button Hủy/ icon X | D11: Quay lại màn danh sách VMS | I11: Pass
A12: Tạo mới VMS
A13: 1. Kiểm tra giao diện Điều kiện: - Đăng nhập link hệ thống : - Login với username/ pass:
B14: Kiểm tra all items màn hình thêm mới
A15: =IF(OR(B15<>"",D15<>""),"["&TEXT($B$1,"##")&"-"&TEXT(COUNTA($D$11:D15),"##")&"]","") -> [Tên chức năng-2] | B15: Kiểm tra tên của all items | C15: Kiểm tra tên của các mục hiển thị trên màn hình | D15: - Tên của all items được hiển thị tất cả thông tin như tài liệu mô tả. - Không bị sai lệch, ghi đè các mục trên màn hình | G15: #53 | I15: Pass
A16: =IF(OR(B16<>"",D16<>""),"["&TEXT($B$1,"##")&"-"&TEXT(COUNTA($D$11:D16),"##")&"]","") -> [Tên chức năng-3] | B16: Kiểm tra số items hiển thị trên màn hình | C16: Kiểm tra số items hiển thị trên màn hình | D16: Số lượng các items hiển thị đủ trên màn hình | I16: Pass
A17: =IF(OR(B17<>"",D17<>""),"["&TEXT($B$1,"##")&"-"&TEXT(COUNTA($D$11:D17),"##")&"]","") -> [Tên chức năng-4] | B17: Kiểm tra vị trí hiển thị của all items | C17: Kiểm tra vị trí hiển thị của all items | D17: Vị trí các items được hiển thị giống như design | I17: Pass
A18: =IF(OR(B18<>"",D18<>""),"["&TEXT($B$1,"##")&"-"&TEXT(COUNTA($D$11:D18),"##")&"]","") -> [Tên chức năng-5] | B18: Kiểm tra font type, font size, font color, icons..của all items | C18: Kiểm tra font type, font size, font color, icons...của all items | D18: - Font type, Font size, Font color... giống như design | I18: Pass
B19: Kiểm tra loại items trên màn hình thêm mới
A20: =IF(OR(B20<>"",D20<>""),"["&TEXT($B$1,"##")&"-"&TEXT(COUNTA($D$11:D20),"##")&"]","") -> [Tên chức năng-6] | B20: Kiểm tra title | C20: 1. Kiểm tra hiển thị | D20: Hiển thị title "Thêm mới VMS" | I20: Pass
A21: =IF(OR(B21<>"",D21<>""),"["&TEXT($B$1,"##")&"-"&TEXT(COUNTA($D$11:D21),"##")&"]","") -> [Tên chức năng-7] | B21: Kiểm tra button Lưu | C21: 1. Kiểm tra hiển thị | D21: Mặc định: Enable button | I21: Pass
A22: =IF(OR(B22<>"",D22<>""),"["&TEXT($B$1,"##")&"-"&TEXT(COUNTA($D$11:D22),"##")&"]","") -> [Tên chức năng-8] | B22: Kiểm tra button Hủy | C22: 1. Kiểm tra hiển thị | D22: Mặc định: Enable button | I22: Pass
A23: =IF(OR(B23<>"",D23<>""),"["&TEXT($B$1,"##")&"-"&TEXT(COUNTA($D$11:D23),"##")&"]","") -> [Tên chức năng-9] | B23: Kiểm tra icon X | C23: 1. Kiểm tra hiển thị | D23: Mặc định: Enable button | I23: Pass
B24: Kiểm tra Thông tin VMS
A25: =IF(OR(B25<>"",D25<>""),"["&TEXT($B$1,"##")&"-"&TEXT(COUNTA($D$11:D25),"##")&"]","") -> [Tên chức năng-10] | B25: Kiểm tra Loại hình MVS | C25: 1. Kiểm tra hiển thị | D25: Mặc định hiển thị dữ liệu trống | I25: Pass
A26: =IF(OR(B26<>"",D26<>""),"["&TEXT($B$1,"##")&"-"&TEXT(COUNTA($D$11:D26),"##")&"]","") -> [Tên chức năng-11] | C26: 2. Click vào dropdown list | D26: Hiển thị các giá trị 1. Kiểu chữ 2. Kiểu hình ảnh 3. Kiểu video 4. Không xác định | I26: Pass
A27: =IF(OR(B27<>"",D27<>""),"["&TEXT($B$1,"##")&"-"&TEXT(COUNTA($D$11:D27),"##")&"]","") -> [Tên chức năng-12] | C27: 3. Chọn giá trị từ Droplist | D27: Hiển thị giá trị vừa chọn | I27: Pass
A28: 2. Kiểm tra validate Điều kiện: - Đăng nhập link hệ thống : - Login với username/ pass:
A29: =IF(OR(B29<>"",D29<>""),"["&TEXT($B$1,"##")&"-"&TEXT(COUNTA($D$11:D29),"##")&"]","") -> [Tên chức năng-13] | B29: Kiểm ra Loại hình VMS hợp lệ | C29: Chọn giá trị trong dropdown list | D29: Hiển thị giá trị vừa chọn | I29: Pass
A30: =IF(OR(B30<>"",D30<>""),"["&TEXT($B$1,"##")&"-"&TEXT(COUNTA($D$11:D30),"##")&"]","") -> [Tên chức năng-14] | B30: Kiểm ra Loại hình VMS không hợp lệ | C30: Không chọn giá trị trong dropdown list | D30: Hiển thị thông báo lỗi và focus đỏ vào trường lỗi | I30: Pass
A31: =IF(OR(B31<>"",D31<>""),"["&TEXT($B$1,"##")&"-"&TEXT(COUNTA($D$11:D31),"##")&"]","") -> [Tên chức năng-15] | B31: Kiểm ra Kích thước hợp lệ | C31: Chọn giá trị trong dropdown list | D31: Hiển thị giá trị vừa chọn | I31: Pass
A32: 3. Kiểm tra chức năng Điều kiện: - Đăng nhập link hệ thống : - Login với username/ pass:
A33: =IF(OR(B33<>"",D33<>""),"["&TEXT($B$1,"##")&"-"&TEXT(COUNTA($D$11:D33),"##")&"]","") -> [Tên chức năng-16] | B33: Kiểm tra Thêm mới thành công | C33: 1. Nhập các trường hợp lệ 2. Click vào button Lưu | D33: - Hiển thị popup thêm mới thành công - Hiển thị bản ghi ở đầu danh sách - Lưu thông tin của VMS vào CSDL | I33: Pass
A34: =IF(OR(B34<>"",D34<>""),"["&TEXT($B$1,"##")&"-"&TEXT(COUNTA($D$11:D34),"##")&"]","") -> [Tên chức năng-17] | B34: Kiểm tra Thêm mới thất bại | C34: 1. Nhập các trường ko hợp lệ 2. Click vào button Lưu | D34: Hiển thị thông báo lỗi và focus vào trường lỗi | I34: Pass

Sheet Tên API
A1: Chức năng | B1: Tên hàm
A2: Test requirement | B2: Kiểm tra hàm [tên hàm]
A3: Tester | B3: Người thực hiện test
A4: Ngày thực hiện | B4: dd/mm/yyyy
A5: Test No 1 | D5: Test No 2 | H5: Status/Lần test | I5: Open | J5: Re-Open | K5: Closed | L5: Unconfirm | M5: Resolved
A6: Pass | B6: Fail | C6: N/A | D6: Pass | E6: Fail | F6: N/A | G6: Tổng số testcase | H6: 1 | I6: =COUNTIF(J$14:J$515,"Open") -> 0 | J6: =COUNTIF(J$14:J$515,"Re-Open") -> 0 | K6: =COUNTIF(J$14:J$515,"Closed") -> 0 | L6: =COUNTIF(J$14:J$515,"Unconfirm") -> 0 | M6: =COUNTIF(J$14:J$515,"Resolved") -> 0
A7: =COUNTIF(I$14:I$490,"Pass") -> 1 | B7: =COUNTIF(I$14:I$490,"Fail") -> 1 | C7: =COUNTIF(I$14:I$490,"N/A") -> 0 | D7: =COUNTIF(K$14:K$490,"Pass") -> 0 | E7: =COUNTIF(K$14:K$515,"Fail") -> 0 | F7: =COUNTIF(K$14:K$515,"N/A") -> 0 | G7: =COUNTA(D14:D286) -> 2 | H7: 2 | I7: =COUNTIF(K$14:K$515,"Open") -> 0 | J7: =COUNTIF(L$14:L$515,"Re-Open") -> 0 | K7: =COUNTIF(L$14:L$515,"Closed") -> 0 | L7: =COUNTIF(L$14:L$515,"Unconfirm") -> 0 | M7: =COUNTIF(L$14:L$515,"Resolved") -> 0
G8: =G7-A7-B7-C7 -> 0
A9: Mã TC | B9: Mục đích | C9: Các bước thực hiện | D9: Kết quả mong muốn | E9: Kiểm tra mã lỗi ( checklog) | F9: Chuyển hướng màn hình | G9: ID Bug | H9: Mức độ nghiêm trọng | I9: Kết quả lần 1 | K9: Kết quả lần 2 | M9: Ghi chú
I10: Kết quả | J10: Trạng thái | K10: Kết quả | L10: Trạng thái
A11: Kiểm tra chức năng LKNH trực tiếp thành công Điều kiện: - User đăng nhập thành công vào app ví - Đã xác thực ví thành công - Đã LKNH trực tiếp
A12: DATA REQUEST { "merchantCode": "string", "timeRequest": "string", "transType": "string", "data": "string", "signature": "string" } | E12: DATA RESPONSE { "signature": "String", "data": "String", "merchantCode": "String", "transType": "String", "errorCode": number, "errorDesc": "String.", "timeResponse": "String" }
A13: 1. Luồng LK NH thành công
A14: =IF(OR(B14<>"",D14<>""),"["&TEXT($B$1,"##")&"-"&TEXT(COUNTA($D$13:D14),"##")&"]","") -> [Tên hàm-1] | B14: Kiểm tra với các giá trị hợp lệ | C14: Thực hiện call API | D14: " ""errorCode"": 200, ""errorDesc"": ""Successful.""," | I14: Pass
A15: =IF(OR(B15<>"",D15<>""),"["&TEXT($B$1,"##")&"-"&TEXT(COUNTA($D$13:D15),"##")&"]","") -> [Tên hàm-2] | B15: Kiểm tra trường hợp truyền thiếu giá trị bắt buộc | C15: Thực hiện call API | D15: "ErrorCode"":110,"" ErrorMessage"":""MISSING FIELD""" | I15: Fail
